/* Menu */
INSERT INTO A_MENU (COMP_CD,MENU_NO,MENU_NM,PROGRAM_FILE_NM,UPPER_MENU_NO,MENU_ORDR,MENU_DC,RELATE_IMAGE_PATH,RELATE_IMAGE_NM) VALUES
('101600','6000000','기준정보관리','dir','0',6,'기준정보관리','/','/')
,('101600','6050000','코드관리','/codeMng','6000000',5,'코드관리','/','/')
,('101600','7000000','시스템관리','dir','0',7,'시스템관리','/','/')
,('101600','7010000','메뉴관리','/pgmMng','7000000',1,'메뉴관리','/','/')
,('101600','7020000','권한관리','/authMng','7000000',2,'권한관리','/','/')
,('101600','7030000','환경설정','/quickSetting','7000000',3,'환경설정','/','/')
;

/* Menu by Role */
INSERT INTO A_MENU_ROLE (ROLE_CD,MENU_NO,COMP_CD) VALUES
('ADMIN','6000000','101600')
,('ADMIN','6050000','101600')
,('ADMIN','7000000','101600')
,('ADMIN','7010000','101600')
,('ADMIN','7020000','101600')
,('ADMIN','7030000','101600')
;

/* Role */
INSERT INTO A_ROLE (COMP_CD,ROLE_CD,ROLE_NM,ROLE_SELECT_CD,ROLE_DC) VALUES
('101600','ADMIN','시스템관리자','10',NULL)
;

/* User */
INSERT INTO A_USER (session_p_id,login_id,login_pw,comp_cd,dept_cd,employee_no,user_name,enable_flag,attribute_1,attribute_2,attribute_3,attribute_4,attribute_5,created_by,creation_date,modified_by,modified_date) VALUES
(NULL,'admin','$2a$10$QvHkBifGWRcC47pS89bNreW.qh2zkVhMqhGOjW1rXkMVXaFvNMEs6','101600','O000000023',NULL,'admin',1,NULL,NULL,NULL,NULL,NULL,1,'2020-12-31 23:59:59.000',1,'2020-12-31 23:59:59.000')
;

/* USER Personal Menu */

/* USER ROLE */
INSERT INTO A_USER_ROLE (id,user_id,comp_cd,role,created_by,creation_date,modified_by,modified_date) VALUES 
(1,1,'101600','ADMIN',1,'2020-12-31 23:59:59.000',1,'2020-12-31 23:59:59.000')
;

/* OAUTH2.0 */
INSERT INTO A_OAUTH (emp_no,email,name,picture,type,create_date,modified_date) VALUES
('341002','starrything@gmail.com','Jonghyun Yoon',NULL,'google',NULL,NULL)
;

/* Spring Session */

/* Spring Session Attributes */

/* File */


/* ================================================================================================================== */

/* 기준코드 Header */
INSERT INTO TB_CODE_HD (GROUP_CD,COMP_CD,GROUP_NM,GROUP_DESC,USE_YN,REMARK,REG_ID,REG_DTM,CHG_ID,CHG_DTM) VALUES
('ADLG_STAT_CD','101600','결재 위임상태','결재 위임상태코드','Y','위임의 위임/해제 상태','admin','2019-05-08 10:43:39.000','340363','2020-05-22 13:42:05.000')
,('APPR_FG_CD','101600','결재구분','결재구분코드','Y','','admin','2019-05-08 10:43:39.000','341002','2020-05-14 08:43:17.000')
,('APPR_TYPE_CD','101600','결재유형코드 전자결재','참조1 : 전결규정에서 사용(Y인것)','Y','','admin','2019-05-08 10:43:39.000','341002','2020-05-14 08:43:17.000')
,('APRVER_CLASS_CD','101600','결재자구분코드','참조1 : Y 인것은 귀속조직으로 자동 적용 (org_fg_cd 참조)','Y','','admin','2019-05-08 10:43:39.000','341002','2020-05-14 08:43:17.000')
,('FILE_TYPE','101600','파일관리구분','파일관리구분','Y','','admin','2019-07-24 16:39:21.000','341002','2020-05-14 08:43:17.000')
,('MENU_ICON_CD','101600','메인아이콘코드','메인아이콘코드','Y',NULL,'admin','2019-07-31 18:16:41.000','341002','2020-05-14 08:43:17.000')
,('MENU_TYPE','101600','메뉴유형','메뉴유형','Y','','admin','2019-05-08 10:43:39.000','341002','2020-05-14 08:43:17.000')
,('ORG_FG_CD','101600','조직구분코드','조직구분코드','Y','','admin','2019-05-08 10:43:39.000','341002','2020-05-14 08:43:17.000')
,('ROLE_SELECT_CD','101600','조회권한','조회권한','Y',NULL,'admin','2019-08-06 19:31:39.000','341002','2020-05-14 08:43:17.000')
,('SERVE_CD','101600','임직원 재직코드','임직원 재직상태','Y','','admin','2019-05-08 10:43:39.000','341002','2020-05-14 08:43:17.000')
;
INSERT INTO TB_CODE_HD (GROUP_CD,COMP_CD,GROUP_NM,GROUP_DESC,USE_YN,REMARK,REG_ID,REG_DTM,CHG_ID,CHG_DTM) VALUES
('SYS_FG_CD','101600','시스템구분코드','시스템구분코드','Y',NULL,'admin','2019-05-10 11:02:15.000','341002','2020-05-14 08:43:18.000')
,('TSK_TYPE_CD','101600','업무유형코드','비고1 : NAMESPACES','Y','시스템 SUB 업무정보','admin','2019-05-08 10:43:39.000','341002','2020-05-14 08:43:18.000')
;
INSERT INTO TB_CODE_HD (GROUP_CD,COMP_CD,GROUP_NM,GROUP_DESC,USE_YN,REMARK,REG_ID,REG_DTM,CHG_ID,CHG_DTM) VALUES
('COMP_CD','101600','회사코드','회사코드','Y','','admin','2019-05-08 10:43:39.000','admin','2019-05-08 10:43:39.000')
;

/* 기준코드 Detail */
INSERT INTO TB_CODE_DT (GROUP_CD,DETAIL_CD,COMP_CD,DETAIL_NM,USE_YN,ORDER_SEQ,DETAIL_DESC,REMARK1,REMARK2,REMARK3,REMARK4,REMARK5,REG_ID,REG_DTM,CHG_ID,CHG_DTM) VALUES
('ADLG_STAT_CD','10','101600','위임','Y',1,'위임','','','','','','340363','2020-04-21 16:34:41.000','340363','2020-04-21 16:34:41.000')
,('ADLG_STAT_CD','20','101600','지정해제','Y',2,'지정해제','','','','','','340363','2020-04-21 16:34:41.000','340363','2020-04-21 16:34:41.000')
,('ADLG_STAT_CD','30','101600','기간해제','Y',3,'기간해제','','','','','','340363','2020-04-21 16:34:41.000','340363','2020-04-21 16:34:41.000')
,('APPR_FG_CD','X','101600','대기','Y',1,'','','','결재전','','','340363','2020-04-03 11:34:59.000','340363','2020-04-03 11:34:59.000')
,('APPR_FG_CD','A','101600','승인','Y',2,'','','','승인처리','Y','','340363','2020-04-03 11:34:59.000','340363','2020-04-03 11:34:59.000')
,('APPR_FG_CD','R','101600','반려','Y',3,'','','','반려처리','Y','','340363','2020-04-03 11:34:59.000','340363','2020-04-03 11:34:59.000')
,('APPR_TYPE_CD','10','101600','기안','Y',1,'기안/결재/합의','','','','','',NULL,'2019-05-13 14:08:51.000',NULL,'2019-05-13 14:08:51.000')
,('APPR_TYPE_CD','20','101600','결재','Y',2,'기안/결재/합의','Y','','','','',NULL,'2019-05-13 14:08:51.000',NULL,'2019-05-13 14:08:51.000')
,('APPR_TYPE_CD','30','101600','합의','Y',2,'기안/결재/합의','Y','','','','',NULL,'2019-05-13 14:08:51.000',NULL,'2019-05-13 14:08:51.000')
,('APRVER_CLASS_CD','P','101600','Part','Y',1,'귀속 Part의 리더사번','P','','','','',NULL,'2019-05-13 14:08:51.000',NULL,'2019-05-13 14:08:51.000')
;
INSERT INTO TB_CODE_DT (GROUP_CD,DETAIL_CD,COMP_CD,DETAIL_NM,USE_YN,ORDER_SEQ,DETAIL_DESC,REMARK1,REMARK2,REMARK3,REMARK4,REMARK5,REG_ID,REG_DTM,CHG_ID,CHG_DTM) VALUES
('APRVER_CLASS_CD','T','101600','Team','Y',2,'귀속 Team의 리더사번','T','','','','',NULL,'2019-05-13 14:08:51.000',NULL,'2019-05-13 14:08:51.000')
,('APRVER_CLASS_CD','D','101600','Division','Y',3,'귀속 Division의 리더사번','D','','','','',NULL,'2019-05-13 14:08:51.000',NULL,'2019-05-13 14:08:51.000')
,('APRVER_CLASS_CD','Dept','101600','DeptCd','Y',4,'부서코드 리더사번 Set','C','','','','',NULL,'2019-05-13 14:08:51.000',NULL,'2019-05-13 14:08:51.000')
,('APRVER_CLASS_CD','Emp','101600','EmpNo','Y',5,'임직원사번 Set','C','','','','',NULL,'2019-05-13 14:08:51.000',NULL,'2019-05-13 14:08:51.000')
,('FILE_TYPE','10','101600','모바일','Y',1,'모바일',NULL,NULL,NULL,NULL,NULL,NULL,'2019-07-24 16:41:15.000',NULL,'2019-07-24 16:41:15.000')
,('FILE_TYPE','20','101600','전표','Y',2,'전표',NULL,NULL,NULL,NULL,NULL,NULL,'2019-07-24 16:41:47.000',NULL,'2019-07-24 16:41:47.000')
,('FILE_TYPE','30','101600','예산','Y',3,'예산',NULL,NULL,NULL,NULL,NULL,NULL,'2019-07-24 16:42:14.000',NULL,'2019-07-24 16:42:14.000')
,('FILE_TYPE','40','101600','Temp','Y',4,'임시저장',NULL,NULL,NULL,NULL,NULL,NULL,'2019-08-28 11:34:07.000',NULL,'2019-08-28 11:34:07.000')
,('MENU_ICON_CD','10','101600','법인카드','Y',1,'','',NULL,NULL,NULL,NULL,NULL,'2019-07-31 18:19:12.000',NULL,'2019-07-31 18:19:12.000')
,('MENU_ICON_CD','20','101600','전자세금계산서','Y',2,NULL,NULL,NULL,NULL,NULL,NULL,NULL,'2019-07-31 18:19:59.000',NULL,'2019-07-31 18:19:59.000')
;
INSERT INTO TB_CODE_DT (GROUP_CD,DETAIL_CD,COMP_CD,DETAIL_NM,USE_YN,ORDER_SEQ,DETAIL_DESC,REMARK1,REMARK2,REMARK3,REMARK4,REMARK5,REG_ID,REG_DTM,CHG_ID,CHG_DTM) VALUES
('MENU_ICON_CD','30','101600','일반세금계산서','Y',3,NULL,NULL,NULL,NULL,NULL,NULL,NULL,'2019-07-31 18:22:10.000',NULL,'2019-07-31 18:22:10.000')
,('MENU_ICON_CD','40','101600','교통비','Y',4,NULL,NULL,NULL,NULL,NULL,NULL,NULL,'2019-07-31 18:23:08.000',NULL,'2019-07-31 18:23:08.000')
,('MENU_ICON_CD','50','101600','기타증빙','Y',5,NULL,NULL,NULL,NULL,NULL,NULL,NULL,'2019-07-31 18:23:33.000',NULL,'2019-07-31 18:23:33.000')
,('MENU_ICON_CD','60','101600','기타아이콘1','Y',6,NULL,NULL,NULL,NULL,NULL,NULL,NULL,'2019-07-31 18:24:30.000',NULL,'2019-07-31 18:24:30.000')
,('MENU_ICON_CD','70','101600','기타아이콘2','Y',7,NULL,NULL,NULL,NULL,NULL,NULL,NULL,'2019-07-31 18:24:57.000',NULL,'2019-07-31 18:24:57.000')
,('MENU_ICON_CD','80','101600','기타아이콘3','Y',8,NULL,NULL,NULL,NULL,NULL,NULL,NULL,'2019-07-31 18:25:18.000',NULL,'2019-07-31 18:25:18.000')
,('MENU_ICON_CD','90','101600','기타아이콘4','Y',9,NULL,NULL,NULL,NULL,NULL,NULL,NULL,'2019-07-31 18:25:44.000',NULL,'2019-07-31 18:25:44.000')
,('MENU_ICON_CD','100','101600','기타아이콘5','Y',10,NULL,NULL,NULL,NULL,NULL,NULL,NULL,'2019-07-31 18:26:16.000',NULL,'2019-07-31 18:26:16.000')
,('MENU_ICON_CD','110','101600','기타아이콘6','Y',11,NULL,NULL,NULL,NULL,NULL,NULL,NULL,'2019-08-07 16:08:08.000',NULL,'2019-08-07 16:08:08.000')
,('MENU_ICON_CD','120','101600','기타아이콘7','Y',12,NULL,NULL,NULL,NULL,NULL,NULL,NULL,'2019-08-07 16:08:08.000',NULL,'2019-08-07 16:08:08.000')
;
INSERT INTO TB_CODE_DT (GROUP_CD,DETAIL_CD,COMP_CD,DETAIL_NM,USE_YN,ORDER_SEQ,DETAIL_DESC,REMARK1,REMARK2,REMARK3,REMARK4,REMARK5,REG_ID,REG_DTM,CHG_ID,CHG_DTM) VALUES
('MENU_TYPE','M','101600','메뉴','Y',1,'','','','','','',NULL,'2019-05-13 14:08:52.000',NULL,'2019-05-13 14:08:52.000')
,('MENU_TYPE','P','101600','프로그램','Y',2,'','','','','','',NULL,'2019-05-13 14:08:52.000',NULL,'2019-05-13 14:08:52.000')
,('ORG_FG_CD','P','101600','Part','Y',1,'파트','','','','','',NULL,'2019-05-13 14:08:52.000',NULL,'2019-05-13 14:08:52.000')
,('ORG_FG_CD','T','101600','Team','Y',2,'팀','','','','','',NULL,'2019-05-13 14:08:52.000',NULL,'2019-05-13 14:08:52.000')
,('ORG_FG_CD','D','101600','Divsion','Y',3,'사업부','','','','','',NULL,'2019-05-13 14:08:52.000',NULL,'2019-05-13 14:08:52.000')
,('ROLE_SELECT_CD','10','101600','전체조회','Y',1,NULL,NULL,NULL,NULL,NULL,NULL,NULL,'2019-08-06 19:32:32.000',NULL,'2019-08-06 19:32:32.000')
,('ROLE_SELECT_CD','20','101600','부서조회','Y',2,NULL,NULL,NULL,NULL,NULL,NULL,NULL,'2019-08-06 19:32:49.000',NULL,'2019-08-06 19:32:49.000')
,('ROLE_SELECT_CD','30','101600','개인조회','Y',3,NULL,NULL,NULL,NULL,NULL,NULL,NULL,'2019-08-06 19:33:24.000',NULL,'2019-08-06 19:33:24.000')
,('SERVE_CD','10','101600','재직','Y',1,'','','','','','',NULL,'2019-05-13 14:08:52.000',NULL,'2019-05-13 14:08:52.000')
,('SERVE_CD','20','101600','휴직','Y',2,'','','','','','',NULL,'2019-05-13 14:08:52.000',NULL,'2019-05-13 14:08:52.000')
;
INSERT INTO TB_CODE_DT (GROUP_CD,DETAIL_CD,COMP_CD,DETAIL_NM,USE_YN,ORDER_SEQ,DETAIL_DESC,REMARK1,REMARK2,REMARK3,REMARK4,REMARK5,REG_ID,REG_DTM,CHG_ID,CHG_DTM) VALUES
('SERVE_CD','30','101600','퇴직','Y',3,'','','','','','',NULL,'2019-05-13 14:08:52.000',NULL,'2019-05-13 14:08:52.000')
,('SYS_FG_CD','W','101600','웹','Y',1,'','','','','','',NULL,'2019-05-13 14:08:52.000',NULL,'2019-05-13 14:08:52.000')
,('SYS_FG_CD','M','101600','모바일','Y',2,'','','','','','',NULL,'2019-05-13 14:08:52.000',NULL,'2019-05-13 14:08:52.000')
,('TSK_TYPE_CD','XP','101600','전표처리','Y',1,'','EAXP','','','','',NULL,'2019-05-13 14:08:52.000',NULL,'2019-05-13 14:08:52.000')
,('TSK_TYPE_CD','XM','101600','전표관리','Y',2,'','EAXM','','','','',NULL,'2019-05-13 14:08:52.000',NULL,'2019-05-13 14:08:52.000')
,('TSK_TYPE_CD','BP','101600','예산관리','Y',3,'','EABP','','','','',NULL,'2019-05-13 14:08:52.000',NULL,'2019-05-13 14:08:52.000')
,('TSK_TYPE_CD','CM','101600','법인카드관리','Y',4,'','EACM','','','','',NULL,'2019-05-13 14:08:52.000',NULL,'2019-05-13 14:08:52.000')
,('TSK_TYPE_CD','RT','101600','리포트','Y',5,'','EART','','','','',NULL,'2019-05-13 14:08:52.000',NULL,'2019-05-13 14:08:52.000')
,('TSK_TYPE_CD','IF','101600','인터페이스','Y',6,'','EAIF','','','','',NULL,'2019-05-13 14:08:52.000',NULL,'2019-05-13 14:08:52.000')
,('TSK_TYPE_CD','ST','101600','시스템','Y',7,'','EAST','','','','',NULL,'2019-05-13 14:08:52.000',NULL,'2019-05-13 14:08:52.000')
;
INSERT INTO TB_CODE_DT (GROUP_CD,DETAIL_CD,COMP_CD,DETAIL_NM,USE_YN,ORDER_SEQ,DETAIL_DESC,REMARK1,REMARK2,REMARK3,REMARK4,REMARK5,REG_ID,REG_DTM,CHG_ID,CHG_DTM) VALUES
('TSK_TYPE_CD','SM','101600','기준정보','Y',8,'','EASM','','','','',NULL,'2019-05-13 14:08:52.000',NULL,'2019-05-13 14:08:52.000')
;
INSERT INTO TB_CODE_DT (GROUP_CD,DETAIL_CD,COMP_CD,DETAIL_NM,USE_YN,ORDER_SEQ,DETAIL_DESC,REMARK1,REMARK2,REMARK3,REMARK4,REMARK5,REG_ID,REG_DTM,CHG_ID,CHG_DTM) VALUES
('COMP_CD','101600','101600','일진씨엔에스','Y',1,'','','','','','','admin','2019-05-13 14:08:52.000','admin','2019-05-13 14:08:52.000')
;
/* Employee */
INSERT INTO framework.tb_mst_emp (EMP_NO,COMP_CD,EMP_NM,COMP_NM,DEPT_CD,DEPT_NM,CCTR_CD,CCTR_NM,BP_CD,BP_NM,UPPER_DEPT_CD,UPPER_DEPT_NM,EMP_DV_CD,EMP_DV_NM,JOB_GROUP_CD,JOB_GROUP_NM,JOB_DUT_CD,JOB_DUT_NM,JOB_GRADE_CD,JOB_GRADE_NM,JOB_CD,JOB_NM,TITLE_CD,TITLE_NM,SERVE_CD,SERVE_NM,HIRE_CD,HIRE_NM,GRP_JOIN_DT,JOIN_DT,RETIRE_DT,EMAIL,OFF_TEL_NO,MOB_TEL_NO,VEND_CD,PICODE,PISTAT,PIDATE,PITIME,PIUSER,PIMSG,PIMSGID) VALUES
('admin','101600','관리자','일진씨앤에스','O000000001','일진씨앤에스(주)',NULL,NULL,'1000','일진씨앤에스',NULL,NULL,NULL,NULL,NULL,NULL,'ADMIN','Administrator',NULL,NULL,NULL,NULL,NULL,NULL,'10','재직',NULL,NULL,NULL,NULL,NULL,NULL,NULL,NULL,NULL,NULL,NULL,NULL,NULL,NULL,NULL,NULL)
,('340356','101600','허세경','일진씨앤에스','O000000001','일진씨앤에스(주)','O000000001','일진씨앤에스(주)','1000','일진씨앤에스',NULL,NULL,NULL,NULL,NULL,NULL,NULL,'대표이사',NULL,'사장',NULL,NULL,NULL,NULL,'10','재직',NULL,NULL,NULL,NULL,NULL,NULL,NULL,NULL,NULL,NULL,NULL,NULL,NULL,NULL,NULL,NULL)
,('340720','101600','공형진','일진씨앤에스','O000000005','SI사업부','O000000005','SI사업부','1000','일진씨앤에스','O000000001','일진씨앤에스(주)',NULL,NULL,NULL,NULL,NULL,'사업부장',NULL,'상무',NULL,NULL,NULL,NULL,'10','재직',NULL,NULL,NULL,NULL,NULL,NULL,NULL,NULL,NULL,NULL,NULL,NULL,NULL,NULL,NULL,NULL)
,('340720','101600','장재용','일진씨앤에스','O000000007','SM팀','O000000007','SM팀','1000','일진씨앤에스','O000000005','SI사업부',NULL,NULL,NULL,NULL,NULL,'팀장',NULL,'차장',NULL,NULL,NULL,NULL,'10','재직',NULL,NULL,NULL,NULL,NULL,NULL,NULL,NULL,NULL,NULL,NULL,NULL,NULL,NULL,NULL,NULL)
,('340720','101600','맹건아','일진씨앤에스','O000000020','WEB Part','O000000020','WEB Part','1000','일진씨앤에스','O000000007','SM팀',NULL,NULL,NULL,NULL,NULL,'파트장',NULL,'차장',NULL,NULL,NULL,NULL,'10','재직',NULL,NULL,NULL,NULL,NULL,NULL,NULL,NULL,NULL,NULL,NULL,NULL,NULL,NULL,NULL,NULL)
,('340720','101600','김충기','일진씨앤에스','O000000020','WEB Part','O000000020','WEB Part','1000','일진씨앤에스','O000000007','SM팀',NULL,NULL,NULL,NULL,NULL,'팀원',NULL,'대리',NULL,NULL,NULL,NULL,'10','재직',NULL,NULL,NULL,NULL,NULL,NULL,NULL,NULL,NULL,NULL,NULL,NULL,NULL,NULL,NULL,NULL)
;

/* Login History */

/* 결재 헤더 */

/* 결재 상세 */

/* 전결규정 */

/* 결재 위임 */
